ENTIDAD,ENE-2023,FEB-2023,MAR-2023,ABR-2023,MAY-2023,JUN-2023,JUL-2023,AGO-2023,SEP-2023,OCT-2023,NOV-2023,DIC-2023,ANUAL-2023,ENE-2022,FEB-2022,MAR-2022,ABR-2022,MAY-2022,JUN-2022,JUL-2022,AGO-2022,SEP-2022,OCT-2022,NOV-2022,DIC-2022,ANUAL-2022,ENE-2021,FEB-2021,MAR-2021,ABR-2021,MAY-2021,JUN-2021,JUL-2021,AGO-2021,SEP-2021,OCT-2021,NOV-2021,DIC-2021,ANUAL-2021,ENE-2020,FEB-2020,MAR-2020,ABR-2020,MAY-2020,JUN-2020,JUL-2020,AGO-2020,SEP-2020,OCT-2020,NOV-2020,DIC-2020,ANUAL-2020,ENE-2019,FEB-2019,MAR-2019,ABR-2019,MAY-2019,JUN-2019,JUL-2019,AGO-2019,SEP-2019,OCT-2019,NOV-2019,DIC-2019,ANUAL-2019,ENE-2018,FEB-2018,MAR-2018,ABR-2018,MAY-2018,JUN-2018,JUL-2018,AGO-2018,SEP-2018,OCT-2018,NOV-2018,DIC-2018,ANUAL-2018,ENE-2017,FEB-2017,MAR-2017,ABR-2017,MAY-2017,JUN-2017,JUL-2017,AGO-2017,SEP-2017,OCT-2017,NOV-2017,DIC-2017,ANUAL-2017,ENE-2016,FEB-2016,MAR-2016,ABR-2016,MAY-2016,JUN-2016,JUL-2016,AGO-2016,SEP-2016,OCT-2016,NOV-2016,DIC-2016,ANUAL-2016,ENE-2015,FEB-2015,MAR-2015,ABR-2015,MAY-2015,JUN-2015,JUL-2015,AGO-2015,SEP-2015,OCT-2015,NOV-2015,DIC-2015,ANUAL-2015,ENE-2014,FEB-2014,MAR-2014,ABR-2014,MAY-2014,JUN-2014,JUL-2014,AGO-2014,SEP-2014,OCT-2014,NOV-2014,DIC-2014,ANUAL-2014,ENE-2013,FEB-2013,MAR-2013,ABR-2013,MAY-2013,JUN-2013,JUL-2013,AGO-2013,SEP-2013,OCT-2013,NOV-2013,DIC-2013,ANUAL-2013,ENE-2012,FEB-2012,MAR-2012,ABR-2012,MAY-2012,JUN-2012,JUL-2012,AGO-2012,SEP-2012,OCT-2012,NOV-2012,DIC-2012,ANUAL-2012,ENE-2011,FEB-2011,MAR-2011,ABR-2011,MAY-2011,JUN-2011,JUL-2011,AGO-2011,SEP-2011,OCT-2011,NOV-2011,DIC-2011,ANUAL-2011,ENE-2010,FEB-2010,MAR-2010,ABR-2010,MAY-2010,JUN-2010,JUL-2010,AGO-2010,SEP-2010,OCT-2010,NOV-2010,DIC-2010,ANUAL-2010
Aguascalientes,0.0 ,0.0 ,0.1 ,1.0 ,9.6 ,6.7 ,75.9 ,82.7 ,12.9 ,67.7 ,53.9 ,43.1 ,353.5 ,1.0 ,3.9 ,0.0 ,15.3 ,6.5 ,39.2 ,92.6 ,123.6 ,53.5 ,48.0 ,6.0 ,0.2 ,389.8 ,6.2 ,0.0 ,0.0 ,1.9 ,22.7 ,124.1 ,176.6 ,117.5 ,185.5 ,36.6 ,0.2 ,1.1 ,672.3 ,38.5 ,28.4 ,1.5 ,4.6 ,17.3 ,72.6 ,162.8 ,77.3 ,81.9 ,4.5 ,0.0 ,8.9 ,498.1 ,11.3 ,0.0 ,0.4 ,0.0 ,2.5 ,45.7 ,101.3 ,123.4 ,78.1 ,40.5 ,33.7 ,16.2 ,453.1 ,35.5 ,28.6 ,0.0 ,10.6 ,44.7 ,226.2 ,77.7 ,97.3 ,123.1 ,83.3 ,40.5 ,1.2 ,768.7 ,0.4 ,2.1 ,6.7 ,0.4 ,4.2 ,43.5 ,169.3 ,143.8 ,159.5 ,21.8 ,0.1 ,27.6 ,579.4 ,4.4 ,9.6 ,12.7 ,1.7 ,6.3 ,71.0 ,172.7 ,193.6 ,62.0 ,8.7 ,30.1 ,2.1 ,574.9 ,7.1 ,32.7 ,90.8 ,8.4 ,31.7 ,202.8 ,148.0 ,93.2 ,83.4 ,106.6 ,8.3 ,23.7 ,836.7 ,5.8 ,0.3 ,2.2 ,0.4 ,56.0 ,119.6 ,103.7 ,92.0 ,93.3 ,33.5 ,22.2 ,5.7 ,534.7 ,51.6 ,0.0 ,0.4 ,0.2 ,18.9 ,75.4 ,205.7 ,80.1 ,154.3 ,45.3 ,35.2 ,89.3 ,756.4 ,11.1 ,51.9 ,1.1 ,0.0 ,5.4 ,60.0 ,144.5 ,89.4 ,64.6 ,6.4 ,4.2 ,9.1 ,447.7 ,0.5 ,0.0 ,0.0 ,0.4 ,0.5 ,48.1 ,32.4 ,58.6 ,90.6 ,25.6 ,1.1 ,0.0 ,257.8 ,32.7 ,109.0 ,0.0 ,0.6 ,5.3 ,56.4 ,138.7 ,70.6 ,77.6 ,2.2 ,0.0 ,0.0 ,493.1 
Baja-California,32.7 ,20.2 ,24.5 ,0.0 ,0.4 ,0.2 ,2.4 ,40.1 ,1.7 ,1.3 ,11.1 ,12.8 ,147.5 ,1.4 ,8.7 ,13.8 ,0.7 ,0.0 ,0.0 ,2.9 ,15.3 ,54.9 ,4.0 ,6.6 ,15.4 ,123.7 ,26.8 ,1.3 ,14.1 ,1.4 ,0.0 ,0.2 ,3.0 ,7.5 ,3.8 ,3.0 ,0.7 ,37.3 ,99.1 ,4.3 ,10.5 ,62.4 ,11.8 ,0.6 ,0.0 ,1.1 ,0.5 ,1.1 ,0.5 ,3.9 ,6.9 ,103.5 ,17.8 ,49.5 ,13.4 ,1.2 ,5.6 ,0.0 ,5.1 ,3.0 ,14.0 ,1.9 ,53.1 ,41.6 ,206.1 ,14.4 ,12.8 ,4.8 ,0.3 ,0.4 ,0.6 ,3.9 ,5.5 ,7.5 ,40.7 ,9.9 ,24.7 ,125.3 ,53.6 ,44.9 ,1.4 ,0.0 ,7.9 ,0.2 ,2.9 ,7.1 ,9.6 ,0.0 ,1.4 ,2.8 ,131.7 ,44.3 ,0.1 ,14.7 ,13.9 ,2.7 ,9.0 ,26.1 ,31.0 ,26.7 ,0.6 ,4.4 ,45.4 ,219.0 ,21.7 ,14.6 ,37.4 ,6.3 ,22.1 ,17.9 ,20.2 ,18.6 ,41.6 ,18.3 ,20.0 ,24.2 ,262.9 ,3.6 ,14.3 ,9.6 ,3.3 ,1.8 ,0.7 ,3.2 ,9.4 ,2.9 ,6.9 ,1.4 ,27.9 ,85.1 ,28.9 ,12.2 ,6.3 ,0.4 ,3.4 ,3.8 ,30.6 ,31.6 ,33.5 ,13.4 ,17.4 ,12.3 ,193.8 ,4.0 ,27.5 ,37.6 ,17.6 ,0.0 ,0.1 ,4.3 ,7.8 ,11.1 ,1.9 ,5.6 ,32.8 ,150.3 ,5.0 ,75.2 ,29.9 ,10.5 ,7.1 ,0.0 ,9.7 ,2.7 ,3.5 ,4.2 ,39.2 ,19.8 ,206.8 ,79.6 ,57.0 ,23.0 ,30.3 ,0.0 ,0.0 ,0.4 ,2.9 ,3.9 ,29.7 ,8.9 ,61.7 ,297.4 
Baja-California-Sur,7.0 ,3.5 ,1.0 ,0.1 ,0.3 ,1.6 ,8.0 ,83.6 ,12.2 ,66.0 ,2.9 ,1.0 ,187.2 ,0.3 ,0.2 ,0.1 ,0.0 ,0.0 ,4.7 ,22.2 ,57.4 ,272.0 ,1.4 ,0.5 ,1.5 ,360.3 ,12.2 ,0.2 ,0.1 ,0.0 ,0.0 ,9.4 ,10.8 ,53.5 ,53.7 ,6.6 ,3.3 ,23.7 ,173.5 ,1.9 ,8.8 ,36.9 ,0.2 ,0.0 ,0.8 ,6.6 ,22.4 ,17.8 ,3.6 ,1.0 ,3.1 ,103.0 ,11.1 ,3.1 ,6.1 ,0.0 ,0.6 ,0.0 ,6.9 ,31.9 ,60.0 ,45.1 ,91.1 ,14.7 ,270.6 ,0.6 ,9.1 ,0.0 ,0.0 ,0.0 ,15.3 ,6.9 ,19.6 ,76.6 ,21.5 ,0.5 ,13.0 ,163.2 ,8.4 ,18.4 ,0.5 ,0.1 ,1.6 ,1.9 ,12.1 ,68.3 ,59.0 ,0.6 ,0.2 ,3.7 ,174.7 ,5.6 ,0.3 ,8.0 ,2.6 ,3.1 ,6.5 ,23.6 ,54.3 ,79.9 ,2.6 ,1.3 ,12.2 ,200.0 ,26.0 ,16.8 ,14.8 ,8.2 ,2.2 ,38.8 ,51.2 ,36.9 ,104.6 ,39.2 ,16.0 ,7.1 ,361.7 ,2.3 ,0.5 ,1.8 ,0.1 ,1.5 ,8.4 ,64.0 ,68.5 ,164.5 ,17.8 ,2.9 ,2.4 ,334.7 ,8.6 ,0.5 ,0.8 ,0.1 ,1.2 ,4.1 ,18.3 ,65.8 ,54.1 ,56.3 ,12.8 ,6.3 ,229.0 ,0.0 ,9.4 ,1.4 ,0.2 ,0.0 ,0.0 ,2.3 ,104.5 ,107.5 ,65.8 ,1.7 ,13.1 ,305.9 ,0.1 ,0.4 ,0.6 ,0.4 ,0.5 ,0.0 ,6.8 ,16.5 ,21.2 ,1.6 ,18.8 ,2.5 ,69.4 ,6.4 ,17.2 ,1.9 ,0.0 ,0.0 ,0.0 ,0.8 ,6.7 ,73.7 ,2.1 ,0.0 ,0.5 ,109.3 
Campeche,59.3 ,30.9 ,33.1 ,14.6 ,58.4 ,75.4 ,141.8 ,210.2 ,202.0 ,105.7 ,133.4 ,68.0 ,"1,132.5 ",65.0 ,57.3 ,52.3 ,79.2 ,141.3 ,180.9 ,138.1 ,199.3 ,187.8 ,127.2 ,129.9 ,65.1 ,"1,423.4 ",52.8 ,21.1 ,30.4 ,21.6 ,137.5 ,196.8 ,143.6 ,147.7 ,230.4 ,138.7 ,52.4 ,45.8 ,"1,218.7 ",31.1 ,13.4 ,4.1 ,25.9 ,207.1 ,499.1 ,137.2 ,184.8 ,234.2 ,293.1 ,99.1 ,50.3 ,"1,779.3 ",26.7 ,14.2 ,34.6 ,32.7 ,72.6 ,250.9 ,156.8 ,124.7 ,182.8 ,235.3 ,90.5 ,81.4 ,"1,303.2 ",105.7 ,19.2 ,15.5 ,120.0 ,45.8 ,160.5 ,164.1 ,241.5 ,202.1 ,160.9 ,127.2 ,27.4 ,"1,389.8 ",16.1 ,6.9 ,9.1 ,65.1 ,49.7 ,363.6 ,169.2 ,202.8 ,229.8 ,221.7 ,33.4 ,40.1 ,"1,407.3 ",50.4 ,33.8 ,33.1 ,19.3 ,61.7 ,244.9 ,180.9 ,173.3 ,202.8 ,81.7 ,53.4 ,41.8 ,"1,177.0 ",90.1 ,32.1 ,82.7 ,26.0 ,71.1 ,157.8 ,78.7 ,203.5 ,184.2 ,197.6 ,123.6 ,78.8 ,"1,326.1 ",83.3 ,27.7 ,24.3 ,45.4 ,165.6 ,209.8 ,131.1 ,206.5 ,231.1 ,189.2 ,49.1 ,27.0 ,"1,390.1 ",113.7 ,15.7 ,7.0 ,19.5 ,119.7 ,248.8 ,215.1 ,259.0 ,216.6 ,171.5 ,189.0 ,123.1 ,"1,698.5 ",24.0 ,22.7 ,29.8 ,28.2 ,106.4 ,268.8 ,176.2 ,199.7 ,174.6 ,81.0 ,4.4 ,25.4 ,"1,141.2 ",65.8 ,10.0 ,16.4 ,17.1 ,35.1 ,201.9 ,187.9 ,194.8 ,191.2 ,177.2 ,56.2 ,27.3 ,"1,180.9 ",51.3 ,10.3 ,3.6 ,29.1 ,107.4 ,327.7 ,266.0 ,279.2 ,237.5 ,56.0 ,48.0 ,9.1 ,"1,425.2 "
Coahuila,2.1 ,1.1 ,12.8 ,6.9 ,50.7 ,10.6 ,30.6 ,22.1 ,14.8 ,51.8 ,30.8 ,8.0 ,242.2 ,2.6 ,1.3 ,0.1 ,14.2 ,22.0 ,8.8 ,14.4 ,114.0 ,50.0 ,26.0 ,6.7 ,1.3 ,261.4 ,3.5 ,4.6 ,0.2 ,10.9 ,37.3 ,34.1 ,55.7 ,43.0 ,24.1 ,12.0 ,16.2 ,5.0 ,246.5 ,11.3 ,2.8 ,21.6 ,7.3 ,30.5 ,23.8 ,44.5 ,6.0 ,63.8 ,0.4 ,2.8 ,12.4 ,227.2 ,6.9 ,0.6 ,11.3 ,12.3 ,30.8 ,49.9 ,22.3 ,21.5 ,60.6 ,19.6 ,22.1 ,3.6 ,261.5 ,0.7 ,7.0 ,2.4 ,7.2 ,11.7 ,30.8 ,29.0 ,41.0 ,172.8 ,67.4 ,7.7 ,19.3 ,396.8 ,2.6 ,11.1 ,15.1 ,23.0 ,40.6 ,22.6 ,37.8 ,45.1 ,108.3 ,15.2 ,1.9 ,35.6 ,358.5 ,21.6 ,3.1 ,56.3 ,28.5 ,46.7 ,45.4 ,51.2 ,147.7 ,84.2 ,10.8 ,35.6 ,23.8 ,554.8 ,26.4 ,28.7 ,71.5 ,34.1 ,80.1 ,74.2 ,49.0 ,32.6 ,36.7 ,70.4 ,15.1 ,6.3 ,525.0 ,4.6 ,2.3 ,7.9 ,5.6 ,40.4 ,58.2 ,44.4 ,61.0 ,99.4 ,23.9 ,66.1 ,10.1 ,423.8 ,15.4 ,1.8 ,1.7 ,12.3 ,44.1 ,52.4 ,76.5 ,28.0 ,121.2 ,40.1 ,33.1 ,17.0 ,443.7 ,7.2 ,19.3 ,24.3 ,19.2 ,23.8 ,13.5 ,47.7 ,39.1 ,82.8 ,20.3 ,22.9 ,3.5 ,323.6 ,7.6 ,0.5 ,2.5 ,4.7 ,9.3 ,19.0 ,32.7 ,25.2 ,19.5 ,25.6 ,12.7 ,16.7 ,176.0 ,37.6 ,31.4 ,6.8 ,80.2 ,83.0 ,74.1 ,177.8 ,16.3 ,81.9 ,2.0 ,0.9 ,0.0 ,592.0 
Colima,0.0 ,0.0 ,0.0 ,0.0 ,1.0 ,137.3 ,269.3 ,217.4 ,170.6 ,542.1 ,20.6 ,13.1 ,"1,371.4 ",1.3 ,0.7 ,0.0 ,0.5 ,2.4 ,239.7 ,294.4 ,312.2 ,351.7 ,272.7 ,1.8 ,0.1 ,"1,477.5 ",0.7 ,0.0 ,0.0 ,0.0 ,2.5 ,691.7 ,249.6 ,705.1 ,443.7 ,187.0 ,0.2 ,0.2 ,"2,280.7 ",80.1 ,112.1 ,0.0 ,0.0 ,2.1 ,84.7 ,354.8 ,664.3 ,339.2 ,27.0 ,0.0 ,0.7 ,"1,665.1 ",5.7 ,0.1 ,0.1 ,0.0 ,3.5 ,111.2 ,310.6 ,234.1 ,851.0 ,251.8 ,46.8 ,2.1 ,"1,816.7 ",5.2 ,2.6 ,0.0 ,0.0 ,19.0 ,317.3 ,140.5 ,298.9 ,337.0 ,292.3 ,198.3 ,0.6 ,"1,611.7 ",0.0 ,2.8 ,1.2 ,0.0 ,1.7 ,197.4 ,287.4 ,560.3 ,528.0 ,142.7 ,0.1 ,7.3 ,"1,728.8 ",85.6 ,0.8 ,16.5 ,0.2 ,5.5 ,158.7 ,252.2 ,340.7 ,314.4 ,62.6 ,67.1 ,29.0 ,"1,333.2 ",1.1 ,129.1 ,306.1 ,0.7 ,25.4 ,172.6 ,207.2 ,220.4 ,240.9 ,601.9 ,14.7 ,36.7 ,"1,956.7 ",3.8 ,0.1 ,0.2 ,0.1 ,108.7 ,438.7 ,242.6 ,286.1 ,437.6 ,154.4 ,237.7 ,10.4 ,"1,920.4 ",98.0 ,0.0 ,6.6 ,0.1 ,2.8 ,124.2 ,239.1 ,300.0 ,731.1 ,124.6 ,176.5 ,74.1 ,"1,877.1 ",0.0 ,76.1 ,0.0 ,0.1 ,39.3 ,255.2 ,118.7 ,204.9 ,169.3 ,66.7 ,36.1 ,24.2 ,990.6 ,0.0 ,0.0 ,0.0 ,0.1 ,3.7 ,174.8 ,392.8 ,215.0 ,197.7 ,382.0 ,0.0 ,0.0 ,"1,366.1 ",26.7 ,191.7 ,0.0 ,0.0 ,0.1 ,83.2 ,238.7 ,356.2 ,301.1 ,3.1 ,0.0 ,0.0 ,"1,200.8 "
Chiapas,66.2 ,63.7 ,38.2 ,23.5 ,96.6 ,207.8 ,263.7 ,224.6 ,250.1 ,247.9 ,139.2 ,80.0 ,"1,701.4 ",74.5 ,78.3 ,30.3 ,84.4 ,158.4 ,305.3 ,196.0 ,283.0 ,425.7 ,188.5 ,152.2 ,77.5 ,"2,054.1 ",52.1 ,17.0 ,48.7 ,31.3 ,230.2 ,319.2 ,162.7 ,299.0 ,320.1 ,227.8 ,57.5 ,41.6 ,"1,807.2 ",28.4 ,46.9 ,21.0 ,32.4 ,239.4 ,409.1 ,182.5 ,345.9 ,373.1 ,251.8 ,199.1 ,38.3 ,"2,167.9 ",39.8 ,28.5 ,34.6 ,14.0 ,200.4 ,277.0 ,142.6 ,236.5 ,308.2 ,359.7 ,66.5 ,59.7 ,"1,767.4 ",99.6 ,20.0 ,30.1 ,101.7 ,165.2 ,237.8 ,117.8 ,257.0 ,301.0 ,224.9 ,118.4 ,31.7 ,"1,705.3 ",36.8 ,8.1 ,23.1 ,64.0 ,262.3 ,409.4 ,254.3 ,249.2 ,401.7 ,228.8 ,37.9 ,18.4 ,"1,994.0 ",33.9 ,26.6 ,30.0 ,28.9 ,143.8 ,281.9 ,177.8 ,306.7 ,314.7 ,128.0 ,91.7 ,50.2 ,"1,614.2 ",82.5 ,31.0 ,52.9 ,80.6 ,126.9 ,206.9 ,134.7 ,196.5 ,341.1 ,247.1 ,150.3 ,90.6 ,"1,741.1 ",67.3 ,19.6 ,37.9 ,93.6 ,262.3 ,348.2 ,150.0 ,225.5 ,461.7 ,291.5 ,80.1 ,18.5 ,"2,056.1 ",59.0 ,16.9 ,15.7 ,29.6 ,214.6 ,339.3 ,248.4 ,309.9 ,394.9 ,299.5 ,193.2 ,157.8 ,"2,278.9 ",53.3 ,38.6 ,58.2 ,57.8 ,181.1 ,264.0 ,211.8 ,418.1 ,321.3 ,194.4 ,29.0 ,57.7 ,"1,885.3 ",46.0 ,37.1 ,84.3 ,74.2 ,149.5 ,300.6 ,458.5 ,433.7 ,422.3 ,273.7 ,58.8 ,42.9 ,"2,381.6 ",45.1 ,17.8 ,14.8 ,70.4 ,186.4 ,507.5 ,395.1 ,756.7 ,559.5 ,58.4 ,89.9 ,28.7 ,"2,730.3 "
Chihuahua,8.5 ,12.9 ,18.9 ,1.3 ,17.7 ,10.0 ,37.8 ,56.3 ,25.0 ,24.5 ,8.4 ,3.3 ,224.5 ,0.1 ,3.8 ,0.2 ,1.7 ,0.7 ,69.6 ,83.9 ,205.6 ,60.6 ,39.0 ,1.1 ,6.3 ,472.6 ,20.6 ,9.3 ,0.7 ,3.0 ,6.8 ,61.6 ,114.2 ,105.4 ,46.1 ,7.7 ,11.2 ,24.0 ,410.6 ,6.0 ,20.2 ,27.3 ,3.3 ,6.2 ,19.5 ,82.8 ,32.4 ,49.1 ,0.1 ,1.5 ,12.4 ,260.8 ,15.2 ,13.8 ,11.5 ,1.0 ,3.5 ,26.0 ,76.1 ,99.3 ,98.5 ,41.3 ,69.0 ,15.2 ,470.3 ,0.1 ,19.2 ,1.8 ,0.9 ,4.4 ,45.9 ,97.1 ,122.4 ,110.4 ,52.0 ,3.3 ,33.1 ,490.8 ,12.3 ,8.1 ,6.1 ,3.4 ,10.4 ,20.6 ,153.3 ,122.1 ,58.8 ,14.4 ,1.7 ,42.7 ,453.8 ,5.8 ,0.5 ,7.6 ,7.1 ,11.7 ,56.8 ,110.0 ,190.8 ,85.9 ,10.3 ,6.5 ,19.3 ,512.5 ,38.2 ,29.5 ,54.9 ,20.4 ,7.2 ,83.4 ,138.5 ,97.2 ,74.1 ,47.2 ,32.6 ,7.4 ,630.5 ,1.2 ,0.6 ,11.0 ,1.2 ,1.8 ,41.2 ,116.2 ,136.4 ,132.3 ,9.1 ,32.5 ,6.6 ,490.0 ,18.5 ,1.9 ,1.1 ,0.5 ,7.6 ,52.1 ,204.9 ,99.1 ,103.0 ,33.9 ,45.9 ,49.6 ,618.2 ,2.5 ,7.4 ,3.6 ,6.5 ,5.4 ,12.2 ,133.7 ,120.7 ,104.1 ,33.4 ,20.6 ,21.4 ,471.5 ,2.9 ,0.3 ,0.0 ,0.0 ,1.1 ,11.6 ,101.0 ,76.4 ,23.9 ,9.2 ,22.0 ,12.1 ,260.5 ,32.8 ,21.1 ,1.4 ,13.0 ,4.1 ,36.9 ,180.1 ,76.3 ,100.2 ,3.7 ,0.2 ,0.2 ,470.0 
Ciudad-de-Mexico,0.4 ,0.1 ,21.8 ,10.1 ,43.2 ,28.2 ,118.1 ,97.3 ,62.9 ,37.3 ,34.2 ,4.0 ,457.7 ,3.8 ,1.6 ,5.2 ,44.0 ,19.1 ,92.3 ,114.3 ,114.4 ,78.6 ,58.6 ,11.7 ,9.5 ,553.1 ,4.7 ,0.9 ,2.6 ,12.5 ,73.3 ,153.1 ,92.1 ,126.7 ,120.4 ,49.7 ,1.3 ,0.0 ,637.1 ,11.3 ,5.3 ,8.1 ,21.9 ,32.8 ,59.7 ,103.8 ,107.8 ,97.0 ,20.1 ,1.5 ,0.5 ,469.7 ,5.3 ,5.7 ,7.2 ,4.3 ,21.6 ,108.1 ,145.5 ,87.2 ,76.1 ,86.8 ,17.6 ,0.1 ,565.3 ,7.9 ,7.7 ,12.2 ,44.5 ,59.1 ,127.4 ,85.9 ,198.2 ,120.7 ,86.8 ,31.1 ,4.8 ,786.2 ,0.0 ,0.0 ,18.1 ,12.9 ,48.9 ,86.2 ,101.7 ,101.3 ,86.8 ,31.4 ,0.6 ,0.0 ,488.0 ,6.7 ,0.8 ,27.8 ,19.0 ,51.8 ,113.0 ,131.9 ,128.4 ,113.7 ,14.6 ,45.5 ,2.7 ,655.9 ,0.3 ,2.9 ,19.5 ,8.3 ,69.6 ,74.1 ,94.1 ,79.2 ,114.3 ,20.2 ,5.4 ,4.1 ,491.8 ,0.4 ,1.4 ,10.9 ,21.8 ,60.0 ,96.4 ,99.0 ,108.2 ,98.3 ,92.6 ,7.1 ,19.6 ,615.6 ,2.2 ,1.4 ,2.3 ,15.6 ,52.8 ,107.1 ,113.8 ,130.3 ,169.7 ,64.3 ,36.1 ,2.5 ,698.0 ,6.9 ,28.2 ,26.5 ,15.1 ,16.3 ,96.0 ,160.5 ,108.4 ,83.4 ,14.9 ,12.7 ,0.0 ,568.9 ,0.1 ,0.7 ,8.1 ,39.8 ,28.0 ,129.8 ,230.5 ,158.9 ,101.9 ,62.0 ,21.9 ,0.9 ,782.6 ,25.8 ,57.3 ,1.6 ,14.9 ,27.3 ,94.3 ,203.3 ,174.5 ,93.7 ,3.7 ,1.4 ,0.1 ,697.9 
Durango,1.1 ,2.1 ,0.9 ,2.7 ,12.0 ,11.0 ,90.9 ,57.8 ,42.9 ,78.0 ,29.7 ,3.7 ,332.7 ,0.2 ,2.5 ,0.0 ,3.6 ,3.4 ,63.1 ,99.7 ,188.9 ,98.7 ,41.7 ,0.4 ,0.0 ,502.2 ,3.2 ,0.1 ,0.0 ,2.4 ,7.3 ,70.2 ,131.2 ,121.5 ,68.9 ,52.6 ,3.6 ,9.0 ,469.9 ,16.9 ,18.7 ,2.3 ,1.0 ,5.6 ,31.1 ,143.9 ,49.9 ,115.1 ,1.9 ,0.3 ,3.6 ,390.4 ,6.6 ,0.7 ,0.7 ,0.0 ,1.9 ,31.5 ,74.8 ,89.5 ,106.1 ,31.3 ,74.9 ,10.7 ,428.8 ,2.4 ,12.2 ,0.1 ,1.7 ,8.3 ,72.1 ,63.9 ,89.8 ,168.8 ,70.8 ,8.8 ,21.7 ,520.5 ,1.3 ,7.8 ,13.3 ,1.4 ,4.7 ,12.5 ,121.7 ,139.3 ,97.3 ,34.1 ,0.0 ,21.2 ,454.6 ,8.3 ,3.6 ,18.7 ,3.1 ,8.9 ,56.7 ,104.0 ,180.4 ,82.6 ,16.7 ,10.9 ,16.0 ,509.8 ,32.2 ,37.1 ,74.6 ,12.8 ,8.7 ,103.8 ,108.3 ,72.9 ,87.0 ,70.0 ,5.1 ,14.6 ,627.1 ,5.3 ,0.6 ,4.9 ,0.3 ,7.0 ,77.1 ,101.2 ,111.5 ,112.1 ,18.7 ,55.3 ,2.6 ,496.6 ,4.6 ,0.1 ,0.1 ,0.3 ,4.7 ,26.7 ,147.4 ,89.4 ,138.5 ,19.3 ,59.9 ,22.9 ,513.8 ,2.4 ,9.6 ,0.4 ,4.3 ,7.8 ,17.1 ,134.5 ,97.0 ,87.0 ,26.0 ,9.4 ,10.7 ,406.3 ,0.9 ,0.0 ,0.0 ,0.2 ,0.7 ,3.1 ,106.8 ,66.5 ,57.5 ,4.9 ,4.6 ,0.4 ,245.6 ,10.5 ,38.7 ,7.4 ,3.8 ,7.8 ,59.4 ,199.0 ,75.6 ,154.0 ,2.9 ,0.0 ,0.2 ,559.3 
Guanajuato,0.8 ,0.1 ,3.8 ,5.5 ,23.8 ,20.1 ,92.9 ,139.8 ,35.0 ,46.5 ,27.7 ,39.3 ,435.1 ,0.7 ,2.0 ,0.1 ,8.3 ,5.7 ,53.5 ,112.3 ,172.4 ,73.7 ,37.3 ,9.8 ,4.4 ,480.2 ,4.8 ,0.2 ,0.2 ,3.8 ,62.0 ,137.3 ,148.6 ,170.3 ,201.8 ,47.0 ,1.8 ,2.6 ,780.3 ,5.6 ,20.5 ,12.1 ,6.7 ,27.7 ,104.5 ,111.1 ,109.9 ,69.9 ,4.7 ,1.2 ,1.7 ,475.5 ,3.3 ,0.8 ,0.9 ,0.3 ,8.7 ,95.8 ,136.4 ,137.1 ,91.2 ,63.2 ,9.4 ,6.6 ,553.7 ,3.5 ,13.8 ,0.8 ,12.6 ,52.1 ,268.6 ,70.3 ,146.3 ,165.2 ,65.5 ,50.4 ,1.2 ,850.3 ,0.2 ,1.5 ,14.2 ,6.0 ,17.2 ,108.3 ,173.7 ,131.4 ,143.7 ,14.6 ,0.3 ,0.4 ,611.5 ,7.4 ,4.1 ,25.0 ,10.0 ,42.2 ,104.1 ,173.0 ,218.3 ,61.5 ,19.4 ,25.0 ,1.3 ,691.3 ,4.6 ,12.1 ,126.5 ,16.7 ,100.4 ,143.6 ,142.0 ,102.2 ,112.8 ,64.5 ,5.5 ,9.9 ,840.8 ,4.4 ,0.3 ,4.3 ,9.2 ,75.8 ,158.8 ,127.9 ,109.1 ,106.7 ,65.7 ,11.9 ,4.9 ,679.0 ,11.4 ,0.2 ,2.4 ,1.0 ,27.0 ,94.6 ,214.8 ,107.1 ,185.9 ,47.3 ,32.5 ,37.9 ,762.2 ,6.4 ,59.5 ,7.1 ,1.7 ,12.4 ,85.8 ,190.5 ,99.7 ,86.2 ,5.7 ,14.9 ,3.4 ,573.3 ,1.9 ,0.0 ,0.1 ,7.4 ,4.6 ,72.0 ,89.3 ,78.9 ,87.3 ,36.7 ,0.3 ,0.2 ,378.7 ,53.1 ,151.6 ,0.6 ,5.5 ,6.5 ,79.5 ,243.0 ,125.8 ,131.3 ,0.7 ,0.0 ,0.1 ,797.7 
Guerrero,0.1 ,0.0 ,1.2 ,7.0 ,49.5 ,97.7 ,182.6 ,237.7 ,131.1 ,272.2 ,45.9 ,5.6 ,"1,030.7 ",5.6 ,0.6 ,0.4 ,11.1 ,52.3 ,229.5 ,217.0 ,218.3 ,321.3 ,104.7 ,8.6 ,1.4 ,"1,170.8 ",2.9 ,0.2 ,1.3 ,0.9 ,64.6 ,323.5 ,153.8 ,345.8 ,240.5 ,142.1 ,2.5 ,0.4 ,"1,278.2 ",4.0 ,4.9 ,2.9 ,7.8 ,11.9 ,133.1 ,179.4 ,307.3 ,226.4 ,43.2 ,4.5 ,2.7 ,928.0 ,1.0 ,0.4 ,0.7 ,0.4 ,44.4 ,155.4 ,182.1 ,192.5 ,300.7 ,189.1 ,34.4 ,0.9 ,"1,102.1 ",1.7 ,2.0 ,1.4 ,13.3 ,60.8 ,280.3 ,93.7 ,256.6 ,197.1 ,188.7 ,58.9 ,4.5 ,"1,159.0 ",0.2 ,0.2 ,2.1 ,3.2 ,90.2 ,223.9 ,162.6 ,230.4 ,369.4 ,71.7 ,6.7 ,0.4 ,"1,161.1 ",22.1 ,1.0 ,52.5 ,9.9 ,45.4 ,172.2 ,185.1 ,189.8 ,239.0 ,36.7 ,31.1 ,0.6 ,985.5 ,0.3 ,3.0 ,42.1 ,2.6 ,111.9 ,142.0 ,147.6 ,149.6 ,234.2 ,127.6 ,31.9 ,10.5 ,"1,003.3 ",1.8 ,0.2 ,1.0 ,6.9 ,134.1 ,216.5 ,104.5 ,244.4 ,281.4 ,191.3 ,28.5 ,13.4 ,"1,223.9 ",7.0 ,0.1 ,7.5 ,7.1 ,69.6 ,195.7 ,154.4 ,156.3 ,535.2 ,103.2 ,29.9 ,4.4 ,"1,270.5 ",2.3 ,6.1 ,2.5 ,4.9 ,38.4 ,217.1 ,150.9 ,243.9 ,185.4 ,98.8 ,10.7 ,0.5 ,961.5 ,0.0 ,0.0 ,0.7 ,9.6 ,33.9 ,278.7 ,312.2 ,298.5 ,158.0 ,100.0 ,2.5 ,0.3 ,"1,194.4 ",36.4 ,113.9 ,0.0 ,0.0 ,7.4 ,201.7 ,318.4 ,518.2 ,310.0 ,9.0 ,6.0 ,0.0 ,"1,521.0 "
Hidalgo,5.9 ,7.1 ,20.6 ,31.3 ,61.4 ,11.5 ,54.7 ,71.2 ,14.4 ,70.9 ,33.3 ,31.1 ,413.2 ,15.4 ,12.0 ,3.3 ,29.2 ,9.9 ,78.6 ,47.1 ,50.2 ,119.9 ,43.9 ,27.0 ,11.3 ,447.8 ,12.6 ,4.6 ,10.0 ,27.1 ,53.1 ,131.2 ,62.0 ,135.7 ,119.1 ,52.0 ,21.4 ,3.6 ,632.4 ,34.5 ,9.8 ,6.9 ,39.3 ,46.0 ,64.6 ,60.9 ,80.8 ,111.0 ,21.4 ,22.0 ,4.4 ,501.5 ,12.3 ,7.9 ,11.3 ,6.8 ,14.2 ,108.1 ,56.8 ,47.3 ,57.2 ,91.0 ,15.8 ,10.0 ,438.8 ,27.1 ,15.2 ,14.8 ,48.6 ,29.5 ,111.5 ,40.9 ,79.6 ,72.4 ,93.3 ,35.2 ,6.6 ,574.6 ,3.1 ,5.0 ,20.7 ,16.5 ,51.2 ,69.2 ,95.1 ,88.9 ,182.1 ,109.6 ,4.9 ,6.9 ,653.2 ,7.6 ,2.4 ,16.8 ,33.2 ,49.4 ,130.7 ,73.5 ,134.2 ,116.6 ,58.3 ,53.2 ,18.5 ,694.3 ,19.4 ,15.9 ,93.9 ,43.6 ,67.6 ,85.1 ,70.3 ,67.4 ,97.5 ,59.7 ,51.8 ,9.3 ,681.4 ,9.6 ,4.6 ,19.9 ,24.0 ,77.7 ,151.0 ,85.2 ,70.9 ,164.9 ,107.9 ,19.6 ,19.5 ,754.8 ,7.7 ,8.5 ,8.7 ,9.8 ,53.2 ,100.0 ,100.5 ,116.7 ,218.9 ,79.4 ,66.7 ,26.8 ,796.8 ,12.1 ,49.6 ,22.9 ,23.2 ,28.6 ,87.7 ,116.3 ,195.4 ,74.0 ,12.8 ,26.1 ,3.7 ,652.4 ,13.5 ,4.5 ,6.4 ,36.6 ,11.1 ,245.7 ,199.8 ,58.7 ,72.9 ,19.6 ,32.2 ,4.1 ,705.1 ,61.7 ,85.1 ,5.3 ,59.0 ,32.7 ,48.8 ,337.9 ,100.9 ,174.2 ,20.4 ,9.2 ,3.5 ,938.7 
Jalisco,0.3 ,0.0 ,0.4 ,0.1 ,4.0 ,56.1 ,198.6 ,190.0 ,118.8 ,156.9 ,18.5 ,37.6 ,781.3 ,1.2 ,0.4 ,0.0 ,2.6 ,9.3 ,139.6 ,236.8 ,248.6 ,129.4 ,86.6 ,3.3 ,1.4 ,859.2 ,1.1 ,0.3 ,0.0 ,0.8 ,17.1 ,234.3 ,256.4 ,271.0 ,235.6 ,87.6 ,1.4 ,0.8 ,"1,106.4 ",49.8 ,55.6 ,1.1 ,1.4 ,16.0 ,81.7 ,209.3 ,254.4 ,167.4 ,24.5 ,0.1 ,12.9 ,874.2 ,8.4 ,1.1 ,0.1 ,0.1 ,6.0 ,96.3 ,217.7 ,171.7 ,239.8 ,128.6 ,50.5 ,6.1 ,926.4 ,14.8 ,16.2 ,0.1 ,2.2 ,57.7 ,201.4 ,147.8 ,206.9 ,201.6 ,149.8 ,75.9 ,1.7 ,"1,075.9 ",0.3 ,2.9 ,6.5 ,0.1 ,6.8 ,101.8 ,233.3 ,266.8 ,247.4 ,59.4 ,0.9 ,19.8 ,946.1 ,8.4 ,4.8 ,16.1 ,1.1 ,19.6 ,171.7 ,240.1 ,224.8 ,156.5 ,34.0 ,36.4 ,12.7 ,926.2 ,6.5 ,42.2 ,140.2 ,7.3 ,42.7 ,183.2 ,179.9 ,135.6 ,160.4 ,196.5 ,16.1 ,35.3 ,"1,145.8 ",6.3 ,0.0 ,1.3 ,1.6 ,58.9 ,226.6 ,157.3 ,189.2 ,183.7 ,87.9 ,63.2 ,5.5 ,981.5 ,46.0 ,0.1 ,2.2 ,0.1 ,18.4 ,114.4 ,223.6 ,153.9 ,304.8 ,60.2 ,60.0 ,79.0 ,"1,062.8 ",0.6 ,63.7 ,1.4 ,0.1 ,9.2 ,123.8 ,202.2 ,158.7 ,69.1 ,22.0 ,6.1 ,12.2 ,669.1 ,0.6 ,0.0 ,0.2 ,2.7 ,5.0 ,97.8 ,203.8 ,137.4 ,76.4 ,78.2 ,0.2 ,0.0 ,602.3 ,29.0 ,122.3 ,0.0 ,0.8 ,5.0 ,125.4 ,282.8 ,216.9 ,156.9 ,1.2 ,0.0 ,0.0 ,940.3 
Estado-de-Mexico,0.7 ,1.1 ,17.6 ,18.7 ,80.2 ,35.6 ,190.2 ,169.3 ,75.5 ,110.0 ,77.5 ,15.2 ,791.6 ,11.6 ,3.3 ,5.0 ,36.1 ,39.0 ,154.1 ,178.2 ,173.7 ,150.5 ,69.0 ,23.2 ,5.6 ,849.3 ,4.1 ,0.5 ,9.9 ,18.3 ,78.7 ,190.3 ,164.1 ,179.8 ,213.6 ,68.5 ,4.5 ,1.5 ,933.8 ,7.8 ,8.0 ,16.2 ,29.3 ,26.6 ,115.6 ,184.2 ,184.5 ,150.6 ,29.2 ,3.5 ,3.3 ,758.9 ,4.1 ,5.8 ,6.7 ,7.3 ,33.3 ,152.0 ,181.9 ,138.5 ,140.1 ,133.4 ,33.5 ,1.0 ,837.6 ,11.5 ,17.5 ,6.8 ,41.7 ,89.5 ,241.2 ,112.6 ,223.9 ,172.2 ,112.6 ,64.5 ,4.8 ,"1,098.7 ",0.1 ,1.1 ,17.0 ,14.3 ,86.6 ,119.7 ,174.5 ,209.5 ,186.3 ,53.0 ,3.3 ,0.1 ,865.4 ,14.2 ,5.8 ,37.4 ,18.5 ,76.7 ,169.8 ,171.2 ,200.3 ,140.4 ,31.7 ,45.3 ,3.5 ,915.0 ,1.8 ,11.4 ,61.5 ,15.9 ,128.7 ,128.1 ,141.0 ,117.0 ,168.2 ,57.3 ,17.5 ,10.2 ,858.5 ,3.1 ,2.9 ,6.1 ,17.9 ,111.2 ,183.5 ,142.5 ,134.1 ,148.2 ,104.1 ,11.1 ,20.0 ,884.7 ,4.1 ,0.9 ,7.7 ,11.9 ,56.9 ,124.2 ,161.1 ,133.0 ,221.9 ,71.7 ,42.1 ,7.6 ,843.0 ,3.6 ,33.6 ,14.4 ,9.0 ,20.1 ,130.1 ,180.7 ,130.9 ,78.2 ,14.8 ,12.5 ,0.6 ,628.5 ,0.7 ,0.3 ,2.2 ,20.8 ,24.7 ,131.9 ,221.0 ,116.9 ,63.5 ,59.1 ,16.2 ,0.3 ,657.6 ,35.1 ,124.3 ,0.4 ,12.3 ,22.8 ,89.7 ,243.7 ,161.5 ,114.3 ,3.8 ,1.8 ,0.0 ,809.7 
Michoacan,0.4 ,0.2 ,5.0 ,1.4 ,17.0 ,42.3 ,158.7 ,158.3 ,82.1 ,149.7 ,30.6 ,25.4 ,670.9 ,3.6 ,1.9 ,0.4 ,4.9 ,9.9 ,163.5 ,197.5 ,171.2 ,140.8 ,57.5 ,7.7 ,1.9 ,760.8 ,0.2 ,0.0 ,0.9 ,2.4 ,26.5 ,225.0 ,170.7 ,245.6 ,182.5 ,117.4 ,1.8 ,1.1 ,974.1 ,6.8 ,29.8 ,9.0 ,5.1 ,9.8 ,92.5 ,155.9 ,201.0 ,167.6 ,20.2 ,2.9 ,2.4 ,703.0 ,8.1 ,1.0 ,0.7 ,1.4 ,19.4 ,110.4 ,179.8 ,154.5 ,194.1 ,128.8 ,29.3 ,2.2 ,829.7 ,15.4 ,16.2 ,0.4 ,6.6 ,80.1 ,246.8 ,118.8 ,215.0 ,161.9 ,147.4 ,100.9 ,4.8 ,"1,114.1 ",0.1 ,1.0 ,14.6 ,1.8 ,29.5 ,116.1 ,159.4 ,228.4 ,190.9 ,50.2 ,0.4 ,0.3 ,792.8 ,17.0 ,2.2 ,22.8 ,3.9 ,27.1 ,123.8 ,140.5 ,172.7 ,131.9 ,39.2 ,28.8 ,12.0 ,722.0 ,1.5 ,17.9 ,158.7 ,7.5 ,75.4 ,132.4 ,163.9 ,118.2 ,130.4 ,164.6 ,7.4 ,18.7 ,996.6 ,4.5 ,0.6 ,1.4 ,5.0 ,94.7 ,203.8 ,139.7 ,159.5 ,158.7 ,84.7 ,27.4 ,5.1 ,885.1 ,17.7 ,0.9 ,10.3 ,0.9 ,24.8 ,122.9 ,234.6 ,160.9 ,359.4 ,74.1 ,37.6 ,32.1 ,"1,076.2 ",1.9 ,59.5 ,10.6 ,0.9 ,20.3 ,142.6 ,186.0 ,192.4 ,81.0 ,25.4 ,28.4 ,5.8 ,754.8 ,0.6 ,0.0 ,1.1 ,5.9 ,13.6 ,125.4 ,270.6 ,145.1 ,76.9 ,43.9 ,6.2 ,0.5 ,689.8 ,43.1 ,179.1 ,0.2 ,1.7 ,10.3 ,131.4 ,330.1 ,232.7 ,152.7 ,2.9 ,2.1 ,0.0 ,"1,086.3 "
Morelos,0.1 ,0.0 ,4.4 ,16.4 ,92.1 ,43.3 ,306.9 ,257.7 ,154.8 ,166.4 ,97.0 ,3.5 ,"1,142.4 ",12.9 ,1.1 ,5.2 ,33.5 ,36.7 ,225.6 ,240.3 ,335.8 ,331.2 ,101.4 ,7.7 ,2.4 ,"1,333.8 ",13.4 ,0.1 ,13.8 ,3.3 ,148.4 ,413.1 ,228.7 ,404.9 ,467.6 ,95.4 ,6.3 ,0.1 ,"1,795.1 ",4.0 ,7.7 ,14.6 ,8.7 ,32.3 ,248.6 ,348.0 ,337.7 ,452.7 ,46.9 ,6.5 ,0.0 ,"1,507.5 ",1.5 ,1.2 ,2.3 ,0.5 ,115.2 ,366.8 ,270.0 ,265.5 ,342.6 ,298.7 ,27.2 ,0.0 ,"1,691.3 ",1.6 ,2.6 ,4.0 ,58.3 ,166.6 ,565.0 ,104.9 ,459.3 ,312.8 ,213.6 ,74.4 ,0.6 ,"1,963.7 ",0.0 ,0.1 ,14.7 ,13.5 ,174.9 ,386.0 ,320.4 ,517.2 ,441.1 ,81.7 ,0.0 ,0.0 ,"1,949.5 ",32.4 ,1.1 ,54.5 ,47.4 ,95.2 ,400.6 ,330.5 ,386.2 ,322.8 ,49.5 ,59.3 ,2.2 ,"1,781.6 ",0.3 ,3.0 ,63.1 ,10.1 ,155.6 ,262.1 ,163.1 ,257.9 ,295.5 ,87.2 ,28.3 ,1.0 ,"1,327.0 ",0.3 ,0.1 ,2.3 ,31.2 ,194.5 ,451.4 ,196.1 ,261.2 ,407.0 ,193.9 ,10.5 ,29.3 ,"1,777.8 ",0.8 ,0.3 ,8.9 ,6.5 ,144.5 ,262.5 ,254.0 ,256.3 ,393.9 ,114.5 ,70.4 ,2.1 ,"1,514.8 ",3.1 ,20.1 ,3.4 ,6.4 ,50.6 ,159.3 ,225.4 ,207.5 ,128.9 ,31.1 ,4.4 ,0.2 ,840.4 ,0.0 ,0.0 ,1.8 ,8.1 ,50.0 ,190.2 ,222.5 ,265.2 ,136.1 ,80.1 ,13.1 ,0.5 ,967.6 ,27.0 ,100.9 ,0.4 ,9.6 ,7.1 ,182.8 ,304.7 ,316.0 ,249.3 ,1.8 ,7.3 ,0.0 ,"1,206.9 "
Nayarit,0.1 ,0.1 ,0.4 ,3.6 ,3.5 ,36.4 ,262.3 ,292.2 ,203.7 ,191.1 ,22.4 ,6.2 ,"1,022.1 ",2.3 ,0.1 ,0.7 ,0.5 ,1.6 ,179.0 ,315.4 ,320.1 ,230.0 ,183.2 ,0.3 ,0.1 ,"1,233.3 ",0.3 ,0.2 ,0.0 ,0.5 ,1.4 ,235.5 ,328.5 ,408.4 ,322.6 ,95.0 ,0.9 ,0.1 ,"1,393.1 ",60.4 ,61.7 ,0.1 ,0.8 ,9.3 ,53.5 ,303.0 ,349.0 ,251.2 ,30.3 ,0.0 ,21.4 ,"1,140.5 ",1.4 ,0.5 ,0.0 ,0.0 ,0.2 ,40.8 ,262.9 ,366.6 ,299.0 ,189.8 ,49.6 ,14.6 ,"1,225.3 ",3.5 ,4.1 ,0.0 ,0.2 ,7.2 ,171.8 ,219.4 ,367.8 ,379.4 ,168.6 ,30.5 ,3.9 ,"1,356.4 ",0.5 ,11.0 ,1.5 ,0.1 ,1.1 ,62.6 ,279.1 ,346.5 ,392.7 ,102.4 ,0.3 ,30.6 ,"1,228.3 ",0.8 ,0.6 ,29.5 ,1.1 ,4.2 ,161.5 ,342.9 ,308.1 ,276.5 ,41.0 ,15.2 ,43.0 ,"1,224.4 ",42.2 ,82.9 ,88.3 ,2.9 ,8.8 ,145.1 ,202.9 ,232.5 ,360.2 ,176.6 ,34.4 ,66.2 ,"1,443.0 ",9.2 ,0.2 ,1.1 ,1.3 ,18.8 ,263.9 ,170.9 ,348.4 ,247.0 ,138.0 ,88.5 ,5.8 ,"1,293.1 ",18.7 ,0.5 ,0.5 ,1.0 ,5.1 ,151.4 ,216.7 ,289.9 ,324.2 ,32.9 ,91.4 ,77.3 ,"1,209.5 ",0.5 ,30.3 ,0.0 ,0.2 ,3.0 ,208.1 ,253.8 ,325.5 ,194.0 ,37.7 ,2.3 ,4.7 ,"1,060.1 ",0.7 ,0.0 ,0.0 ,0.0 ,0.0 ,91.2 ,390.7 ,436.4 ,181.3 ,28.4 ,0.5 ,0.0 ,"1,129.2 ",19.6 ,124.2 ,0.3 ,0.1 ,0.2 ,54.0 ,471.2 ,507.4 ,462.5 ,10.3 ,0.0 ,0.0 ,"1,649.8 "
Nuevo-Leon,2.2 ,1.2 ,23.0 ,50.5 ,103.5 ,15.3 ,33.9 ,21.1 ,31.9 ,69.3 ,92.1 ,12.9 ,456.8 ,15.7 ,8.5 ,0.3 ,29.4 ,27.8 ,29.3 ,10.2 ,81.1 ,132.9 ,34.2 ,26.9 ,4.4 ,400.7 ,10.0 ,6.4 ,5.5 ,22.6 ,79.2 ,90.1 ,99.9 ,43.2 ,42.1 ,46.1 ,40.4 ,12.0 ,497.7 ,13.0 ,3.5 ,15.2 ,37.0 ,80.5 ,72.7 ,171.4 ,14.8 ,102.8 ,2.7 ,3.8 ,8.0 ,525.5 ,22.5 ,2.8 ,38.2 ,13.9 ,54.6 ,75.9 ,31.1 ,31.0 ,166.2 ,28.6 ,26.7 ,7.5 ,499.2 ,16.5 ,18.0 ,3.6 ,53.8 ,47.9 ,82.0 ,37.8 ,21.3 ,226.9 ,46.6 ,14.2 ,16.6 ,585.2 ,10.2 ,7.4 ,50.6 ,45.0 ,60.7 ,45.6 ,31.0 ,40.6 ,172.1 ,64.9 ,7.8 ,34.2 ,570.0 ,29.1 ,1.5 ,47.2 ,45.2 ,93.0 ,58.0 ,36.4 ,128.0 ,75.7 ,32.2 ,50.0 ,15.9 ,612.2 ,24.9 ,33.2 ,84.7 ,80.9 ,126.4 ,89.7 ,21.5 ,42.9 ,64.8 ,89.4 ,20.1 ,3.6 ,682.1 ,7.0 ,8.1 ,24.9 ,12.2 ,71.1 ,68.0 ,48.2 ,55.4 ,221.4 ,69.3 ,59.7 ,38.1 ,683.4 ,28.0 ,2.5 ,6.6 ,27.2 ,76.0 ,47.5 ,72.1 ,51.3 ,291.3 ,29.7 ,50.0 ,74.5 ,756.6 ,4.9 ,71.0 ,24.0 ,23.4 ,48.5 ,59.4 ,25.2 ,83.3 ,105.4 ,41.6 ,73.6 ,2.1 ,562.4 ,23.8 ,0.0 ,12.1 ,4.3 ,13.2 ,85.1 ,79.1 ,29.9 ,36.8 ,55.9 ,6.5 ,24.1 ,370.8 ,29.1 ,36.5 ,14.3 ,162.4 ,49.9 ,209.6 ,352.7 ,45.5 ,322.2 ,8.4 ,0.0 ,0.6 ,"1,231.2 "
Oaxaca,8.0 ,5.1 ,12.9 ,34.3 ,63.4 ,121.0 ,164.5 ,192.9 ,89.4 ,119.5 ,70.3 ,36.4 ,917.5 ,20.0 ,13.3 ,5.1 ,20.5 ,100.2 ,230.1 ,141.2 ,177.7 ,316.1 ,118.6 ,34.0 ,17.5 ,"1,194.3 ",26.0 ,8.8 ,5.0 ,16.9 ,122.8 ,318.9 ,132.1 ,231.1 ,249.7 ,94.6 ,25.0 ,5.9 ,"1,236.8 ",29.5 ,17.0 ,2.8 ,25.9 ,63.5 ,148.6 ,169.1 ,303.2 ,238.2 ,66.0 ,51.7 ,10.1 ,"1,125.6 ",14.9 ,4.7 ,9.6 ,8.5 ,96.9 ,155.8 ,145.2 ,162.7 ,227.3 ,209.9 ,47.7 ,6.3 ,"1,089.4 ",25.0 ,13.6 ,20.5 ,49.3 ,73.2 ,231.7 ,86.2 ,208.4 ,178.6 ,257.9 ,44.1 ,28.6 ,"1,217.1 ",6.1 ,5.7 ,16.4 ,28.0 ,156.8 ,355.6 ,183.0 ,207.0 ,320.0 ,141.8 ,13.3 ,7.0 ,"1,440.8 ",8.8 ,9.1 ,45.3 ,19.9 ,35.7 ,187.6 ,164.2 ,212.3 ,203.2 ,44.4 ,27.8 ,34.7 ,993.2 ,19.2 ,5.2 ,30.4 ,32.1 ,69.5 ,173.2 ,158.0 ,122.5 ,176.2 ,115.7 ,78.9 ,21.4 ,"1,002.4 ",7.8 ,4.3 ,10.6 ,17.4 ,113.7 ,258.9 ,103.3 ,159.9 ,255.4 ,209.9 ,25.0 ,19.4 ,"1,185.5 ",11.4 ,11.9 ,12.1 ,13.6 ,73.9 ,187.9 ,133.5 ,204.2 ,409.4 ,98.1 ,61.8 ,19.9 ,"1,237.6 ",52.4 ,21.8 ,22.8 ,44.0 ,56.7 ,349.2 ,140.0 ,315.4 ,219.5 ,93.8 ,30.3 ,14.1 ,"1,360.0 ",35.6 ,6.3 ,3.8 ,16.6 ,30.9 ,248.3 ,453.1 ,292.5 ,186.5 ,64.6 ,29.8 ,20.6 ,"1,388.6 ",19.4 ,28.4 ,17.7 ,45.7 ,25.0 ,241.1 ,371.3 ,679.3 ,460.5 ,18.3 ,26.9 ,6.5 ,"1,940.1 "
Puebla,9.6 ,5.8 ,22.5 ,45.4 ,90.7 ,54.9 ,160.0 ,224.3 ,85.4 ,131.1 ,67.3 ,35.7 ,932.6 ,24.3 ,12.6 ,10.3 ,38.3 ,27.0 ,152.6 ,129.7 ,194.7 ,220.5 ,82.1 ,32.0 ,15.3 ,939.4 ,33.0 ,7.2 ,14.1 ,31.5 ,147.5 ,243.7 ,135.7 ,231.7 ,265.0 ,101.2 ,36.5 ,5.4 ,"1,252.5 ",25.9 ,12.8 ,9.6 ,41.3 ,68.5 ,171.9 ,172.2 ,239.0 ,285.1 ,40.5 ,29.6 ,7.9 ,"1,104.4 ",6.8 ,9.1 ,11.4 ,8.0 ,51.7 ,223.2 ,164.5 ,150.6 ,182.7 ,194.1 ,29.1 ,9.4 ,"1,040.8 ",32.4 ,14.3 ,29.7 ,84.6 ,72.1 ,260.1 ,76.9 ,238.8 ,173.1 ,167.3 ,84.8 ,13.6 ,"1,247.7 ",4.4 ,8.0 ,32.3 ,37.4 ,130.5 ,217.0 ,204.3 ,311.3 ,322.5 ,114.8 ,12.0 ,7.9 ,"1,402.3 ",27.6 ,5.6 ,54.2 ,53.9 ,69.5 ,225.8 ,174.9 ,218.5 ,200.0 ,81.2 ,48.8 ,35.9 ,"1,195.8 ",30.6 ,10.9 ,92.8 ,45.6 ,124.2 ,164.6 ,132.7 ,132.9 ,236.0 ,113.9 ,89.3 ,11.7 ,"1,185.1 ",11.2 ,5.8 ,33.7 ,35.4 ,161.2 ,308.0 ,147.8 ,144.1 ,217.5 ,171.4 ,33.1 ,34.3 ,"1,303.4 ",8.3 ,11.7 ,16.3 ,20.5 ,92.5 ,204.5 ,203.2 ,227.9 ,349.1 ,125.2 ,104.9 ,26.0 ,"1,390.2 ",44.7 ,57.5 ,29.3 ,42.1 ,60.5 ,231.1 ,273.7 ,333.3 ,201.7 ,63.2 ,42.2 ,11.2 ,"1,390.5 ",15.8 ,7.4 ,26.6 ,39.1 ,71.3 ,225.8 ,290.5 ,261.1 ,167.9 ,85.9 ,59.8 ,28.8 ,"1,280.0 ",59.8 ,61.1 ,15.4 ,55.1 ,37.2 ,117.1 ,354.4 ,279.2 ,273.6 ,62.5 ,43.0 ,6.7 ,"1,365.1 "
Queretaro,3.2 ,2.4 ,8.2 ,12.3 ,46.3 ,11.6 ,66.4 ,71.8 ,16.1 ,52.4 ,17.6 ,23.8 ,332.2 ,3.8 ,5.8 ,0.7 ,19.1 ,4.7 ,47.8 ,57.1 ,67.1 ,98.3 ,40.3 ,22.4 ,7.7 ,374.8 ,3.8 ,1.2 ,1.6 ,10.5 ,62.9 ,125.2 ,84.4 ,131.3 ,158.6 ,58.9 ,7.7 ,2.4 ,648.3 ,23.7 ,12.5 ,19.3 ,17.2 ,34.4 ,66.4 ,83.3 ,58.6 ,70.3 ,13.4 ,6.6 ,1.3 ,407.0 ,7.5 ,2.3 ,4.6 ,2.7 ,11.9 ,104.0 ,57.3 ,57.2 ,66.0 ,78.1 ,9.7 ,10.2 ,411.3 ,9.2 ,10.0 ,2.8 ,24.1 ,39.5 ,161.8 ,31.4 ,71.7 ,110.2 ,58.6 ,31.1 ,3.8 ,554.1 ,0.7 ,2.0 ,20.9 ,17.7 ,29.6 ,83.2 ,107.9 ,92.2 ,168.0 ,67.4 ,1.3 ,1.8 ,592.7 ,5.8 ,3.3 ,28.2 ,26.0 ,71.7 ,132.1 ,131.1 ,207.0 ,69.3 ,38.8 ,30.3 ,6.5 ,749.8 ,9.0 ,14.9 ,110.1 ,28.3 ,94.1 ,128.9 ,96.9 ,85.0 ,96.3 ,60.5 ,25.9 ,6.9 ,756.6 ,6.2 ,1.6 ,11.3 ,17.2 ,71.7 ,202.0 ,114.5 ,96.5 ,154.6 ,77.2 ,10.2 ,10.3 ,773.1 ,4.9 ,3.8 ,5.9 ,7.4 ,41.2 ,89.2 ,159.3 ,116.6 ,203.0 ,64.3 ,55.4 ,29.3 ,780.3 ,6.7 ,53.8 ,10.0 ,4.9 ,20.4 ,110.5 ,138.0 ,113.8 ,94.4 ,7.0 ,27.9 ,2.5 ,589.9 ,0.1 ,0.1 ,8.4 ,3.7 ,7.5 ,131.8 ,62.3 ,74.5 ,56.7 ,24.4 ,2.8 ,0.0 ,372.3 ,39.5 ,139.9 ,0.9 ,22.1 ,11.0 ,86.2 ,204.4 ,79.4 ,130.7 ,2.9 ,0.0 ,0.1 ,717.1 
Quintana-Roo,98.0 ,23.3 ,47.0 ,29.0 ,109.1 ,97.7 ,109.5 ,114.1 ,136.0 ,103.3 ,159.1 ,85.6 ,"1,111.5 ",103.9 ,81.7 ,46.9 ,74.3 ,118.5 ,150.1 ,93.6 ,172.7 ,154.2 ,73.6 ,136.2 ,86.6 ,"1,292.3 ",79.2 ,39.5 ,54.3 ,51.9 ,70.4 ,242.3 ,113.5 ,172.5 ,210.7 ,112.7 ,114.5 ,42.2 ,"1,303.7 ",56.8 ,27.2 ,9.6 ,12.0 ,248.4 ,406.0 ,105.3 ,153.0 ,172.3 ,354.9 ,254.9 ,70.3 ,"1,870.7 ",67.0 ,62.0 ,20.0 ,57.0 ,52.8 ,89.7 ,57.5 ,94.6 ,128.4 ,187.2 ,139.0 ,81.0 ,"1,036.1 ",89.8 ,19.1 ,50.0 ,78.0 ,160.6 ,230.2 ,90.7 ,129.5 ,146.8 ,162.3 ,82.2 ,67.0 ,"1,306.1 ",30.5 ,9.5 ,25.6 ,76.5 ,64.1 ,241.0 ,111.0 ,205.1 ,240.0 ,255.2 ,94.0 ,54.3 ,"1,406.8 ",64.8 ,40.8 ,55.9 ,52.3 ,27.5 ,274.0 ,94.2 ,211.6 ,130.5 ,79.5 ,35.2 ,43.1 ,"1,109.3 ",73.6 ,41.0 ,43.2 ,18.4 ,22.0 ,270.5 ,42.5 ,95.9 ,171.0 ,378.8 ,224.8 ,113.9 ,"1,495.5 ",112.1 ,34.9 ,41.0 ,39.9 ,209.9 ,97.7 ,73.1 ,127.2 ,234.4 ,271.7 ,73.9 ,42.7 ,"1,358.3 ",51.3 ,40.7 ,39.1 ,18.6 ,77.9 ,254.7 ,208.7 ,220.7 ,377.4 ,235.8 ,246.0 ,127.6 ,"1,898.5 ",54.8 ,58.1 ,25.0 ,97.1 ,202.6 ,215.8 ,108.1 ,202.8 ,105.2 ,179.1 ,43.9 ,45.6 ,"1,338.1 ",40.1 ,91.2 ,100.9 ,3.2 ,14.9 ,277.4 ,180.1 ,112.9 ,125.5 ,382.5 ,93.8 ,53.8 ,"1,476.3 ",76.8 ,35.5 ,10.9 ,221.9 ,187.9 ,120.9 ,292.1 ,130.2 ,217.9 ,63.8 ,130.7 ,15.2 ,"1,503.8 "
San-Luis-Potos√≠,2.7 ,2.8 ,7.2 ,34.4 ,71.1 ,11.7 ,45.6 ,44.6 ,16.8 ,65.5 ,67.4 ,32.2 ,401.9 ,5.6 ,10.3 ,0.6 ,26.6 ,9.2 ,64.6 ,33.9 ,70.7 ,138.3 ,34.2 ,29.8 ,6.6 ,430.4 ,9.4 ,3.0 ,2.9 ,13.5 ,55.0 ,116.4 ,123.4 ,103.4 ,114.0 ,58.5 ,11.9 ,3.8 ,615.0 ,29.0 ,6.0 ,8.6 ,28.1 ,47.1 ,65.4 ,96.2 ,56.8 ,81.3 ,9.6 ,15.6 ,2.8 ,446.3 ,14.2 ,3.4 ,13.7 ,2.2 ,29.3 ,124.9 ,34.5 ,59.3 ,86.6 ,72.3 ,24.5 ,16.1 ,480.8 ,19.5 ,20.8 ,7.3 ,41.6 ,47.4 ,131.6 ,25.1 ,67.0 ,164.1 ,74.6 ,30.9 ,5.5 ,635.4 ,1.7 ,3.6 ,28.1 ,25.2 ,40.9 ,62.5 ,118.1 ,96.3 ,145.0 ,85.8 ,1.4 ,9.1 ,617.7 ,11.5 ,6.8 ,24.9 ,29.7 ,63.3 ,144.5 ,72.0 ,139.3 ,97.1 ,41.4 ,42.9 ,11.8 ,685.1 ,23.6 ,21.2 ,99.6 ,37.3 ,108.5 ,129.5 ,73.7 ,79.1 ,91.7 ,88.1 ,34.8 ,7.1 ,794.1 ,17.5 ,4.2 ,22.6 ,16.5 ,67.2 ,141.9 ,138.5 ,71.4 ,196.6 ,81.0 ,26.5 ,24.4 ,808.3 ,22.5 ,4.8 ,10.0 ,2.7 ,42.8 ,87.5 ,102.1 ,134.8 ,260.9 ,61.5 ,75.0 ,70.9 ,875.5 ,20.1 ,48.3 ,17.3 ,63.2 ,59.7 ,143.1 ,157.2 ,195.0 ,176.5 ,37.2 ,53.9 ,2.9 ,974.5 ,16.0 ,2.8 ,14.3 ,5.0 ,34.6 ,276.7 ,372.0 ,64.7 ,61.7 ,39.8 ,24.4 ,10.3 ,922.3 ,52.5 ,90.7 ,4.4 ,94.6 ,49.3 ,85.4 ,563.6 ,107.1 ,284.9 ,22.6 ,2.4 ,2.5 ,"1,360.0 "
Sinaloa,7.8 ,3.3 ,0.6 ,1.1 ,1.0 ,5.6 ,186.7 ,191.2 ,80.5 ,240.8 ,13.5 ,1.6 ,733.6 ,0.7 ,3.4 ,0.4 ,0.9 ,0.0 ,95.5 ,200.3 ,339.3 ,184.1 ,30.9 ,0.0 ,0.4 ,855.9 ,14.9 ,0.6 ,0.0 ,0.8 ,3.2 ,107.3 ,184.0 ,391.7 ,141.9 ,71.3 ,4.2 ,33.1 ,952.9 ,21.4 ,54.9 ,3.0 ,1.7 ,2.3 ,14.9 ,221.8 ,162.3 ,150.6 ,6.4 ,1.9 ,12.3 ,653.4 ,11.3 ,1.2 ,4.8 ,0.0 ,0.3 ,12.0 ,150.3 ,339.6 ,199.3 ,39.4 ,159.5 ,10.6 ,928.2 ,0.4 ,14.7 ,0.1 ,0.1 ,0.6 ,98.3 ,148.5 ,291.1 ,320.4 ,70.5 ,5.6 ,51.1 ,"1,001.3 ",3.8 ,30.2 ,3.6 ,0.5 ,0.7 ,12.5 ,169.5 ,248.3 ,162.9 ,49.0 ,0.1 ,17.6 ,698.8 ,1.5 ,0.5 ,11.6 ,1.5 ,5.3 ,54.0 ,231.2 ,229.7 ,151.1 ,19.5 ,4.8 ,19.7 ,730.4 ,29.5 ,33.3 ,35.0 ,13.1 ,4.9 ,81.2 ,201.3 ,255.5 ,213.2 ,116.1 ,25.0 ,40.5 ,"1,048.6 ",1.4 ,0.2 ,7.0 ,0.2 ,2.4 ,104.6 ,235.1 ,241.0 ,202.7 ,25.8 ,54.2 ,1.8 ,876.1 ,4.0 ,0.1 ,0.2 ,0.2 ,1.2 ,35.7 ,169.4 ,197.2 ,298.6 ,16.1 ,91.1 ,32.9 ,846.7 ,0.6 ,5.7 ,0.1 ,0.2 ,0.3 ,57.5 ,181.4 ,239.1 ,122.7 ,44.4 ,5.2 ,40.0 ,697.2 ,0.1 ,0.0 ,0.0 ,0.1 ,0.0 ,3.8 ,250.9 ,222.6 ,64.5 ,6.8 ,40.8 ,5.7 ,595.3 ,15.9 ,47.0 ,1.9 ,1.1 ,0.6 ,3.1 ,154.0 ,191.7 ,175.5 ,5.5 ,0.0 ,0.1 ,596.4 
Sonora,19.1 ,25.7 ,7.9 ,0.1 ,2.1 ,4.6 ,62.2 ,87.9 ,18.3 ,17.8 ,1.5 ,14.5 ,261.5 ,0.7 ,2.7 ,1.0 ,0.1 ,0.0 ,72.0 ,138.1 ,237.3 ,75.6 ,15.9 ,0.6 ,14.1 ,558.1 ,42.2 ,1.5 ,2.9 ,0.3 ,0.1 ,34.0 ,142.5 ,142.6 ,75.7 ,1.3 ,7.4 ,52.3 ,502.7 ,9.2 ,25.6 ,82.1 ,2.5 ,7.3 ,12.0 ,93.5 ,74.8 ,17.8 ,0.2 ,1.8 ,16.4 ,343.0 ,23.8 ,36.2 ,35.1 ,0.8 ,4.5 ,0.9 ,97.2 ,122.8 ,129.5 ,17.0 ,135.0 ,45.9 ,648.7 ,1.6 ,34.3 ,0.9 ,0.1 ,0.3 ,43.1 ,120.1 ,147.8 ,109.0 ,81.8 ,1.0 ,25.9 ,565.9 ,41.6 ,31.3 ,0.5 ,0.5 ,4.8 ,12.5 ,182.9 ,93.9 ,39.4 ,4.3 ,2.5 ,36.7 ,450.6 ,24.2 ,2.0 ,14.2 ,3.3 ,0.9 ,40.9 ,139.1 ,94.8 ,78.1 ,1.0 ,0.4 ,25.5 ,424.4 ,54.3 ,18.5 ,40.9 ,17.7 ,2.8 ,75.8 ,131.2 ,118.7 ,116.3 ,33.7 ,26.6 ,7.0 ,643.5 ,0.5 ,0.7 ,10.1 ,0.5 ,1.0 ,8.6 ,138.5 ,146.4 ,139.3 ,14.3 ,12.4 ,8.4 ,480.5 ,19.1 ,5.1 ,2.2 ,1.0 ,0.9 ,9.7 ,148.3 ,97.3 ,81.0 ,25.1 ,28.6 ,28.4 ,446.7 ,2.9 ,8.5 ,2.7 ,0.5 ,1.2 ,20.2 ,122.7 ,117.9 ,72.2 ,4.2 ,1.7 ,27.4 ,382.1 ,0.7 ,1.7 ,0.1 ,1.6 ,0.1 ,7.0 ,117.0 ,103.6 ,38.5 ,3.5 ,61.7 ,24.6 ,360.1 ,59.8 ,31.3 ,6.4 ,6.2 ,0.0 ,5.1 ,130.7 ,117.9 ,80.0 ,10.7 ,0.0 ,4.9 ,453.0 
Tabasco,120.7 ,158.5 ,116.5 ,19.6 ,48.1 ,127.4 ,186.9 ,183.4 ,176.2 ,216.9 ,329.9 ,136.7 ,"1,820.7 ",177.6 ,225.9 ,65.6 ,72.3 ,110.6 ,299.5 ,100.0 ,156.7 ,462.1 ,316.5 ,283.8 ,181.3 ,"2,451.9 ",150.0 ,42.9 ,66.7 ,28.0 ,168.9 ,249.7 ,112.4 ,148.4 ,320.7 ,326.0 ,138.0 ,84.4 ,"1,836.1 ",75.3 ,137.8 ,18.8 ,36.3 ,281.7 ,385.7 ,92.9 ,303.1 ,461.3 ,550.4 ,501.3 ,173.3 ,"3,017.9 ",126.7 ,82.4 ,91.7 ,19.2 ,76.5 ,280.4 ,120.4 ,100.9 ,233.6 ,394.5 ,245.4 ,144.4 ,"1,916.0 ",323.9 ,58.3 ,49.3 ,109.5 ,59.5 ,129.9 ,109.5 ,195.7 ,218.1 ,253.7 ,358.8 ,99.4 ,"1,965.5 ",84.3 ,32.4 ,61.1 ,97.6 ,143.2 ,285.5 ,157.5 ,207.3 ,377.5 ,414.0 ,98.2 ,55.4 ,"2,013.8 ",116.3 ,80.9 ,75.1 ,30.6 ,84.0 ,209.7 ,152.1 ,260.3 ,301.1 ,193.5 ,161.4 ,84.8 ,"1,749.7 ",294.2 ,79.0 ,156.3 ,86.2 ,80.9 ,237.0 ,92.2 ,193.5 ,289.3 ,361.2 ,274.1 ,282.6 ,"2,426.3 ",177.7 ,38.8 ,70.5 ,133.4 ,274.7 ,264.6 ,178.2 ,193.0 ,372.0 ,411.1 ,232.9 ,47.6 ,"2,394.4 ",185.9 ,34.3 ,48.7 ,37.1 ,141.3 ,266.1 ,230.1 ,297.5 ,276.3 ,378.4 ,455.8 ,460.5 ,"2,812.0 ",215.9 ,149.0 ,35.2 ,52.2 ,152.9 ,270.0 ,171.8 ,385.1 ,293.2 ,203.1 ,18.6 ,122.8 ,"2,069.7 ",159.1 ,120.9 ,106.9 ,25.9 ,93.9 ,155.0 ,478.5 ,242.5 ,445.5 ,401.5 ,162.4 ,104.4 ,"2,496.5 ",163.6 ,52.6 ,35.2 ,37.2 ,73.0 ,319.8 ,310.1 ,664.8 ,551.7 ,91.6 ,207.6 ,54.7 ,"2,561.9 "
Tamaulipas,3.1 ,2.4 ,28.1 ,74.8 ,129.8 ,31.0 ,25.9 ,36.2 ,33.9 ,72.1 ,71.8 ,26.6 ,535.6 ,20.7 ,19.0 ,1.0 ,45.5 ,28.3 ,51.5 ,21.6 ,51.2 ,141.2 ,44.7 ,54.5 ,8.1 ,487.3 ,17.3 ,13.3 ,10.5 ,16.5 ,99.9 ,116.5 ,168.8 ,52.5 ,97.4 ,81.5 ,53.5 ,12.6 ,740.2 ,19.9 ,3.1 ,12.9 ,35.9 ,120.0 ,117.3 ,128.5 ,53.2 ,105.9 ,17.6 ,10.4 ,6.5 ,631.1 ,25.2 ,7.5 ,36.2 ,10.1 ,50.7 ,132.0 ,38.0 ,19.9 ,142.2 ,78.7 ,25.9 ,12.7 ,579.1 ,27.3 ,12.4 ,12.2 ,79.0 ,62.6 ,124.7 ,26.2 ,29.4 ,203.5 ,75.3 ,18.4 ,6.9 ,678.0 ,8.3 ,14.9 ,57.9 ,36.2 ,70.8 ,61.7 ,79.0 ,68.3 ,129.2 ,113.9 ,12.2 ,14.2 ,666.7 ,25.4 ,2.1 ,48.4 ,52.6 ,128.2 ,119.8 ,42.6 ,121.8 ,82.3 ,50.4 ,53.8 ,19.4 ,746.7 ,26.8 ,19.4 ,81.1 ,74.5 ,151.4 ,127.0 ,42.6 ,76.8 ,115.1 ,132.9 ,39.0 ,5.1 ,891.7 ,10.8 ,10.8 ,43.0 ,15.6 ,101.3 ,108.5 ,79.9 ,56.4 ,345.6 ,97.4 ,43.4 ,42.4 ,955.0 ,30.9 ,3.2 ,9.6 ,28.2 ,55.2 ,100.8 ,94.4 ,132.9 ,402.8 ,43.2 ,88.6 ,100.9 ,"1,090.6 ",22.9 ,79.9 ,18.9 ,51.4 ,46.4 ,123.6 ,73.1 ,86.0 ,142.8 ,34.0 ,45.2 ,3.1 ,727.3 ,33.7 ,0.3 ,7.7 ,0.3 ,20.1 ,234.6 ,119.2 ,49.4 ,65.9 ,33.1 ,17.8 ,21.2 ,603.3 ,23.9 ,71.9 ,6.0 ,111.9 ,76.3 ,131.6 ,327.7 ,44.5 ,207.3 ,9.9 ,0.1 ,0.1 ,"1,011.2 "
Tlaxcala,0.4 ,0.0 ,15.8 ,23.0 ,80.2 ,53.2 ,116.5 ,122.3 ,65.7 ,62.3 ,39.4 ,16.9 ,595.9 ,12.1 ,6.0 ,6.1 ,33.0 ,34.3 ,61.7 ,91.6 ,117.8 ,72.9 ,46.1 ,8.6 ,8.7 ,498.9 ,11.9 ,0.6 ,2.0 ,18.8 ,77.4 ,130.7 ,96.2 ,130.6 ,165.2 ,69.1 ,7.1 ,0.5 ,710.0 ,8.8 ,1.1 ,3.3 ,34.9 ,46.0 ,64.0 ,123.4 ,106.1 ,114.9 ,31.5 ,3.8 ,0.6 ,538.4 ,1.3 ,5.2 ,4.7 ,6.3 ,25.5 ,129.1 ,125.7 ,103.4 ,81.2 ,60.4 ,20.9 ,0.5 ,564.2 ,5.6 ,10.3 ,5.7 ,65.8 ,45.7 ,149.4 ,52.1 ,124.6 ,88.4 ,64.2 ,46.9 ,3.3 ,662.0 ,0.4 ,0.4 ,19.4 ,21.2 ,79.9 ,98.5 ,146.6 ,167.4 ,123.6 ,30.3 ,2.4 ,0.2 ,690.3 ,11.9 ,1.8 ,50.6 ,34.8 ,56.3 ,146.6 ,111.2 ,155.0 ,112.7 ,37.3 ,28.0 ,4.8 ,750.9 ,8.1 ,4.3 ,63.5 ,30.4 ,133.8 ,141.4 ,106.4 ,73.5 ,171.0 ,37.9 ,25.0 ,4.8 ,800.1 ,3.5 ,1.2 ,19.1 ,20.1 ,119.8 ,211.3 ,125.1 ,113.9 ,138.7 ,101.3 ,9.8 ,21.2 ,885.0 ,4.1 ,7.5 ,8.0 ,16.3 ,69.1 ,117.7 ,161.0 ,96.2 ,202.8 ,81.3 ,42.4 ,17.4 ,823.8 ,4.2 ,30.5 ,27.7 ,22.4 ,32.5 ,202.3 ,197.1 ,174.6 ,111.7 ,36.2 ,6.6 ,3.3 ,849.1 ,0.0 ,0.0 ,7.0 ,32.0 ,61.2 ,134.1 ,172.6 ,152.0 ,86.2 ,60.9 ,15.0 ,2.3 ,723.3 ,43.8 ,67.7 ,3.2 ,58.5 ,35.6 ,80.3 ,237.3 ,164.6 ,125.3 ,7.8 ,5.0 ,0.0 ,829.1 
Veracruz,28.1 ,34.2 ,37.1 ,71.9 ,63.7 ,81.6 ,210.8 ,194.4 ,102.6 ,208.6 ,130.1 ,106.7 ,"1,269.8 ",69.2 ,43.0 ,12.8 ,39.6 ,50.5 ,274.4 ,157.7 ,146.6 ,366.4 ,175.9 ,98.0 ,68.8 ,"1,502.9 ",85.0 ,25.4 ,22.7 ,32.1 ,103.5 ,276.7 ,140.9 ,236.9 ,218.3 ,225.4 ,109.2 ,24.9 ,"1,501.2 ",85.2 ,56.6 ,8.1 ,50.7 ,135.6 ,218.0 ,107.5 ,243.5 ,282.2 ,123.1 ,189.6 ,48.6 ,"1,548.6 ",50.6 ,15.5 ,30.3 ,8.0 ,31.6 ,162.3 ,121.7 ,90.8 ,168.0 ,271.9 ,124.1 ,32.7 ,"1,107.6 ",112.7 ,37.2 ,57.4 ,90.1 ,35.1 ,154.0 ,120.6 ,218.0 ,197.6 ,332.5 ,93.8 ,67.1 ,"1,516.1 ",36.9 ,32.6 ,65.4 ,35.3 ,110.0 ,181.7 ,245.1 ,199.7 ,429.0 ,314.9 ,43.3 ,37.1 ,"1,731.0 ",29.6 ,22.5 ,39.0 ,30.3 ,35.5 ,206.2 ,214.8 ,267.3 ,255.9 ,223.3 ,113.3 ,96.1 ,"1,533.8 ",79.6 ,20.9 ,98.8 ,50.4 ,70.4 ,152.0 ,148.9 ,156.6 ,201.3 ,259.3 ,192.3 ,58.4 ,"1,488.9 ",33.4 ,10.7 ,35.5 ,25.4 ,126.5 ,255.7 ,155.6 ,148.6 ,355.5 ,270.1 ,67.2 ,53.2 ,"1,537.3 ",28.7 ,29.3 ,30.8 ,19.1 ,120.3 ,254.6 ,158.7 ,265.2 ,408.6 ,225.6 ,243.7 ,77.0 ,"1,861.5 ",87.4 ,47.3 ,25.9 ,59.8 ,91.8 ,228.0 ,205.6 ,406.8 ,258.1 ,164.7 ,89.2 ,31.3 ,"1,695.9 ",76.4 ,18.5 ,21.8 ,14.6 ,35.0 ,206.7 ,374.2 ,247.0 ,264.4 ,149.0 ,102.4 ,43.5 ,"1,553.5 ",80.4 ,59.5 ,19.7 ,89.0 ,23.7 ,131.9 ,432.2 ,395.6 ,397.2 ,87.0 ,47.5 ,27.4 ,"1,791.1 "
Yucatan,69.0 ,23.0 ,32.5 ,13.7 ,62.1 ,57.6 ,121.0 ,159.5 ,150.6 ,69.3 ,87.5 ,65.4 ,911.3 ,61.1 ,76.0 ,39.9 ,74.4 ,68.7 ,151.5 ,140.1 ,208.8 ,139.4 ,66.3 ,74.8 ,53.8 ,"1,154.8 ",45.9 ,55.1 ,23.0 ,47.6 ,118.8 ,230.9 ,118.2 ,178.5 ,181.4 ,74.1 ,57.0 ,42.2 ,"1,172.6 ",29.5 ,8.0 ,4.1 ,23.4 ,194.8 ,551.9 ,121.8 ,144.9 ,166.5 ,402.7 ,103.3 ,51.6 ,"1,802.2 ",48.4 ,42.7 ,19.0 ,21.5 ,68.7 ,148.9 ,127.2 ,102.1 ,153.5 ,141.2 ,95.5 ,65.5 ,"1,034.2 ",55.2 ,5.8 ,15.1 ,57.1 ,118.8 ,170.0 ,97.3 ,159.2 ,137.3 ,87.0 ,67.4 ,28.5 ,998.7 ,19.5 ,2.1 ,7.5 ,51.7 ,48.4 ,229.9 ,141.7 ,160.3 ,228.1 ,154.8 ,37.9 ,38.7 ,"1,120.5 ",32.3 ,16.5 ,47.6 ,23.7 ,50.0 ,169.7 ,103.9 ,159.0 ,166.8 ,45.3 ,19.5 ,50.8 ,885.2 ,46.9 ,43.5 ,32.5 ,11.1 ,31.9 ,137.5 ,72.6 ,158.3 ,172.8 ,117.1 ,129.9 ,24.3 ,978.4 ,92.3 ,31.0 ,10.5 ,19.0 ,175.1 ,83.6 ,111.3 ,177.0 ,193.9 ,203.6 ,36.0 ,14.8 ,"1,148.1 ",56.7 ,12.8 ,10.7 ,37.0 ,72.5 ,216.9 ,154.7 ,205.6 ,270.1 ,177.1 ,135.6 ,69.1 ,"1,418.8 ",65.8 ,15.6 ,6.7 ,112.4 ,71.0 ,168.8 ,110.7 ,122.3 ,141.4 ,100.6 ,17.5 ,15.4 ,948.2 ,48.0 ,34.4 ,24.6 ,4.8 ,10.1 ,223.7 ,163.8 ,119.7 ,189.8 ,100.7 ,36.4 ,16.8 ,972.8 ,26.4 ,14.3 ,11.4 ,53.8 ,96.6 ,180.0 ,228.7 ,219.0 ,182.5 ,39.8 ,16.8 ,2.3 ,"1,071.6 "
Zacatecas,0.2 ,0.0 ,0.0 ,3.4 ,13.5 ,7.7 ,77.3 ,73.0 ,30.3 ,80.1 ,66.4 ,21.9 ,373.9 ,0.5 ,1.0 ,0.0 ,10.3 ,4.3 ,46.8 ,80.1 ,120.0 ,61.5 ,35.9 ,4.3 ,0.0 ,364.7 ,1.5 ,0.0 ,0.0 ,2.0 ,17.0 ,98.0 ,148.3 ,108.5 ,117.4 ,35.5 ,1.5 ,3.2 ,532.9 ,27.4 ,19.6 ,2.3 ,2.7 ,13.3 ,56.7 ,153.7 ,51.1 ,68.5 ,3.7 ,0.0 ,7.2 ,406.3 ,8.9 ,0.4 ,6.3 ,0.3 ,6.7 ,49.3 ,83.1 ,86.3 ,71.2 ,34.8 ,49.9 ,18.2 ,415.3 ,24.3 ,22.8 ,0.2 ,6.9 ,27.4 ,126.4 ,55.6 ,82.6 ,179.4 ,60.1 ,23.8 ,5.0 ,614.5 ,0.4 ,1.3 ,18.8 ,2.6 ,10.7 ,30.7 ,134.1 ,113.5 ,111.3 ,16.3 ,0.3 ,27.2 ,467.2 ,4.5 ,6.9 ,17.6 ,3.8 ,18.2 ,72.0 ,119.1 ,145.7 ,77.8 ,9.2 ,25.1 ,10.4 ,510.2 ,19.5 ,48.0 ,79.3 ,12.8 ,28.8 ,167.5 ,99.8 ,71.0 ,89.3 ,92.4 ,16.4 ,16.7 ,741.6 ,10.4 ,0.4 ,4.0 ,2.0 ,32.9 ,105.5 ,83.5 ,95.5 ,108.8 ,42.4 ,36.4 ,12.7 ,534.4 ,27.0 ,0.4 ,0.4 ,0.8 ,14.2 ,54.6 ,158.5 ,79.6 ,144.5 ,48.9 ,37.6 ,64.1 ,630.7 ,6.2 ,36.2 ,1.1 ,1.8 ,9.1 ,38.1 ,126.7 ,111.2 ,79.5 ,9.9 ,5.4 ,5.6 ,430.8 ,0.1 ,0.4 ,0.1 ,0.1 ,10.8 ,28.6 ,73.4 ,79.4 ,95.4 ,25.0 ,1.0 ,0.2 ,314.5 ,24.1 ,87.4 ,0.4 ,1.6 ,2.7 ,36.6 ,160.0 ,79.6 ,115.5 ,1.1 ,0.0 ,0.0 ,509.0 
Nacional,16.0 ,13.4 ,15.9 ,15.4 ,40.0 ,39.2 ,99.8 ,111.4 ,65.9 ,95.7 ,50.4 ,26.7 ,589.9 ,17.0 ,16.4 ,7.1 ,20.0 ,30.3 ,106.4 ,109.1 ,171.5 ,154.9 ,63.4 ,29.9 ,17.6 ,743.6 ,23.7 ,7.9 ,8.4 ,11.0 ,51.3 ,137.5 ,128.8 ,157.0 ,133.0 ,67.4 ,23.2 ,20.4 ,769.5 ,21.6 ,22.7 ,21.0 ,14.0 ,53.9 ,108.7 ,120.9 ,122.3 ,128.2 ,55.5 ,36.6 ,17.0 ,722.5 ,19.0 ,13.7 ,16.2 ,6.6 ,31.8 ,86.2 ,97.6 ,110.8 ,144.4 ,100.1 ,68.5 ,23.5 ,718.3 ,25.7 ,17.6 ,9.1 ,28.3 ,39.0 ,121.5 ,83.8 ,139.1 ,166.0 ,110.7 ,39.6 ,23.4 ,803.7 ,14.6 ,12.7 ,16.6 ,18.5 ,48.1 ,102.7 ,140.9 ,145.9 ,169.8 ,77.0 ,10.7 ,24.4 ,781.6 ,20.1 ,7.4 ,28.6 ,17.1 ,37.2 ,110.8 ,125.9 ,172.1 ,128.8 ,38.9 ,31.0 ,26.2 ,744.1 ,37.5 ,27.2 ,69.6 ,27.4 ,53.7 ,119.2 ,110.3 ,107.7 ,132.7 ,110.6 ,50.2 ,25.9 ,872.0 ,16.9 ,6.0 ,14.3 ,13.8 ,67.8 ,124.2 ,111.9 ,134.3 ,190.9 ,91.8 ,42.6 ,16.3 ,830.8 ,26.4 ,6.4 ,7.1 ,9.0 ,43.9 ,103.2 ,152.6 ,135.8 ,227.3 ,77.6 ,76.2 ,55.1 ,920.6 ,18.6 ,30.8 ,14.0 ,22.1 ,39.4 ,104.3 ,129.6 ,164.8 ,126.1 ,52.0 ,22.4 ,18.2 ,742.3 ,16.5 ,10.1 ,11.8 ,8.5 ,18.8 ,105.1 ,180.4 ,133.8 ,99.7 ,65.3 ,30.7 ,16.5 ,697.2 ,40.1 ,54.7 ,7.1 ,40.2 ,35.3 ,109.2 ,244.2 ,194.6 ,197.0 ,17.8 ,15.2 ,6.7 ,962.1 